"","ID","Description","GeneRatio","BgRatio","pvalue","p.adjust","qvalue","geneID","Count"
"GO:0042110","GO:0042110","T cell activation","31/253","463/17653",9.36915236584244e-13,3.48907234103973e-09,2.79299363158587e-09,"HAVCR2/PDCD1/CTLA4/TIGIT/CD27/HLA-DRA/IFNG/SIRPG/ICOS/MIR155/VCAM1/PRDM1/LAG3/PTPN22/CLECL1/TNFSF4/FKBP1A/ZFP36L1/CD7/RAB27A/SEMA4A/BATF/PELI1/PTPN11/TFRC/CASP3/STAT3/PRKAR1A/CTNNB1/RHOH/GATA3",31
"GO:0051249","GO:0051249","regulation of lymphocyte activation","29/253","457/17653",1.98427316891542e-11,3.6947166405205e-08,2.9576113759834e-08,"HAVCR2/PDCD1/CTLA4/TIGIT/CD27/HLA-DRA/IFNG/SIRPG/SAMSN1/CD38/ICOS/MIR155/VCAM1/PRDM1/ID2/LAG3/PTPN22/CLECL1/TNFSF4/TNFAIP3/ZFP36L1/IKZF3/PELI1/PTPN11/TFRC/CASP3/PRKAR1A/CTNNB1/GATA3",29
"GO:0050866","GO:0050866","negative regulation of cell activation","18/253","173/17653",5.92608541692644e-11,7.35624736421135e-08,5.88865750903006e-08,"HAVCR2/CTLA4/TIGIT/SAMSN1/MIR155/CD200/PRDM1/ID2/LAG3/PTPN22/TNFSF4/TNFAIP3/HMOX1/CD84/UBASH3B/PELI1/CASP3/PRKAR1A",18
"GO:0002695","GO:0002695","negative regulation of leukocyte activation","17/253","154/17653",8.00214306217666e-11,7.44999519088647e-08,5.96370240844324e-08,"HAVCR2/CTLA4/TIGIT/SAMSN1/MIR155/CD200/PRDM1/ID2/LAG3/PTPN22/TNFSF4/TNFAIP3/HMOX1/CD84/PELI1/CASP3/PRKAR1A",17
"GO:0002683","GO:0002683","negative regulation of immune system process","27/253","426/17653",1.05657846034913e-10,7.86939637268035e-08,6.29943199938684e-08,"HAVCR2/PDCD1/CTLA4/TIGIT/CCL3/SAMSN1/MIR155/CD200/PRDM1/ID2/LAG3/PTPN22/TNFSF4/TNFAIP3/ZFP36L1/HMOX1/IFI16/CD84/UBASH3B/PELI1/BST2/PARP14/TRAFD1/CASP3/PRKAR1A/GBP1/CTNNB1",27
"GO:0050863","GO:0050863","regulation of T cell activation","23/253","321/17653",2.53743085660831e-10,1.57489875166823e-07,1.26070248875697e-07,"HAVCR2/PDCD1/CTLA4/TIGIT/CD27/HLA-DRA/IFNG/SIRPG/ICOS/MIR155/VCAM1/PRDM1/LAG3/PTPN22/CLECL1/TNFSF4/PELI1/PTPN11/TFRC/CASP3/PRKAR1A/CTNNB1/GATA3",23
"GO:0022407","GO:0022407","regulation of cell-cell adhesion","24/253","388/17653",1.98411080437403e-09,1.05554694792698e-06,8.4496267638906e-07,"HAVCR2/PDCD1/CTLA4/TIGIT/CD27/HLA-DRA/IFNG/SIRPG/CXCL13/ICOS/MIR155/VCAM1/LAG3/PTPN22/CLECL1/TNFSF4/UBASH3B/PELI1/PTPN11/TFRC/CASP3/PRKAR1A/MAD2L2/GATA3",24
"GO:1903037","GO:1903037","regulation of leukocyte cell-cell adhesion","21/253","302/17653",2.7024476305565e-09,1.25798937202405e-06,1.00701732759684e-06,"HAVCR2/PDCD1/CTLA4/TIGIT/CD27/HLA-DRA/IFNG/SIRPG/ICOS/MIR155/VCAM1/LAG3/PTPN22/CLECL1/TNFSF4/PELI1/PTPN11/TFRC/CASP3/PRKAR1A/GATA3",21
"GO:0007159","GO:0007159","leukocyte cell-cell adhesion","22/253","335/17653",3.22494790729114e-09,1.33441177852802e-06,1.06819327174836e-06,"HAVCR2/PDCD1/CTLA4/TIGIT/CD27/HLA-DRA/IFNG/SIRPG/ICOS/MIR155/VCAM1/LAG3/PTPN22/CLECL1/TNFSF4/PELI1/PTPN11/GCNT1/TFRC/CASP3/PRKAR1A/GATA3",22
"GO:0051607","GO:0051607","defense response to virus","18/253","224/17653",4.01202546640277e-09,1.45808182161094e-06,1.16719083012103e-06,"LYST/IFNG/APOBEC3G/OASL/APOBEC3C/TNFAIP3/APOBEC3F/IFI16/APOBEC3D/BST2/PLSCR1/OAS3/MX1/IRF2/IRF9/GBP1/TBK1/DDX60",18
"GO:0009615","GO:0009615","response to virus","21/253","310/17653",4.30690119165422e-09,1.45808182161094e-06,1.16719083012103e-06,"LYST/IFNG/APOBEC3G/OASL/TNFSF4/APOBEC3C/TNFAIP3/APOBEC3F/BCL2L11/IFI16/APOBEC3D/BST2/PLSCR1/OAS3/MX1/IRF2/IRF9/GBP1/TBK1/GATA3/DDX60",21
"GO:0045071","GO:0045071","negative regulation of viral genome replication","10/253","55/17653",5.0823497082764e-09,1.57722252613511e-06,1.26256266437182e-06,"APOBEC3G/OASL/APOBEC3C/APOBEC3F/IFI16/APOBEC3D/BST2/PLSCR1/OAS3/MX1",10
"GO:0051250","GO:0051250","negative regulation of lymphocyte activation","14/253","132/17653",6.56083220732987e-09,1.87942608769973e-06,1.50447585515451e-06,"HAVCR2/CTLA4/TIGIT/SAMSN1/MIR155/PRDM1/ID2/LAG3/PTPN22/TNFSF4/TNFAIP3/PELI1/CASP3/PRKAR1A",14
"GO:0070663","GO:0070663","regulation of leukocyte proliferation","17/253","212/17653",1.13264723652896e-08,3.01284164916702e-06,2.41177216078948e-06,"HAVCR2/CTLA4/CSF1/CD38/MIR155/VCAM1/PRDM1/PTPN22/CLECL1/TNFSF4/TNFAIP3/IKZF3/PELI1/TFRC/CASP3/PRKAR1A/CTNNB1",17
"GO:0042113","GO:0042113","B cell activation","19/253","273/17653",1.56272952382409e-08,3.81382374154124e-06,3.05295631071423e-06,"CTLA4/CD27/ITM2A/SAMSN1/CD38/VCAM1/PRDM1/ID2/LAT2/TNFSF4/TNFAIP3/ZFP36L1/RBPJ/IKZF3/BATF/PELI1/BST2/TFRC/CASP3",19
"GO:0001818","GO:0001818","negative regulation of cytokine production","18/253","245/17653",1.63859237015735e-08,3.81382374154124e-06,3.05295631071423e-06,"HAVCR2/TIGIT/TNFRSF9/SRGN/IFNG/MIR155/ACP5/LAG3/PTPN22/TNFSF4/TNFAIP3/HMOX1/CD84/UBE2L6/BST2/GBP1/TBK1/GATA3",18
"GO:0070661","GO:0070661","leukocyte proliferation","19/253","278/17653",2.0946228320537e-08,4.58845613327528e-06,3.67304759156414e-06,"HAVCR2/CTLA4/CSF1/CD38/MIR155/VCAM1/PRDM1/PTPN22/CLECL1/TNFSF4/TNFAIP3/FKBP1A/IKZF3/PELI1/TFRC/CASP3/PRKAR1A/TBK1/CTNNB1",19
"GO:0032944","GO:0032944","regulation of mononuclear cell proliferation","16/253","202/17653",3.67286278794404e-08,7.59874501239089e-06,6.08277626634943e-06,"HAVCR2/CTLA4/CSF1/CD38/MIR155/VCAM1/PRDM1/PTPN22/CLECL1/TNFSF4/IKZF3/PELI1/TFRC/CASP3/PRKAR1A/CTNNB1",16
"GO:0032943","GO:0032943","mononuclear cell proliferation","18/253","262/17653",4.60565877202626e-08,9.02709119317147e-06,7.22616379079134e-06,"HAVCR2/CTLA4/CSF1/CD38/MIR155/VCAM1/PRDM1/PTPN22/CLECL1/TNFSF4/FKBP1A/IKZF3/PELI1/TFRC/CASP3/PRKAR1A/TBK1/CTNNB1",18
"GO:0048525","GO:0048525","negative regulation of viral process","11/253","95/17653",1.13937917136842e-07,2.12152401708801e-05,1.69827463858704e-05,"CCL3/APOBEC3G/OASL/APOBEC3C/APOBEC3F/IFI16/APOBEC3D/BST2/PLSCR1/OAS3/MX1",11
"GO:0002521","GO:0002521","leukocyte differentiation","24/253","483/17653",1.31644905170271e-07,2.33450298501948e-05,1.86876376662761e-05,"CTLA4/CCL3/CD27/CSF1/IFNG/ITM2A/MIR155/VCAM1/PRDM1/ID2/PTPN22/TNFSF4/ZFP36L1/RBPJ/SEMA4A/IFI16/IKZF3/UBASH3B/BATF/TFRC/STAT3/CTNNB1/RHOH/GATA3",24
"GO:1903901","GO:1903901","negative regulation of viral life cycle","10/253","79/17653",1.85200624075573e-07,3.08307887964189e-05,2.46799688708967e-05,"APOBEC3G/OASL/APOBEC3C/APOBEC3F/IFI16/APOBEC3D/BST2/PLSCR1/OAS3/MX1",10
"GO:0043901","GO:0043901","negative regulation of multi-organism process","14/253","172/17653",1.90415720278635e-07,3.08307887964189e-05,2.46799688708967e-05,"HAVCR2/CCL3/APOBEC3G/PRDM1/OASL/APOBEC3C/TNFAIP3/APOBEC3F/IFI16/APOBEC3D/BST2/PLSCR1/OAS3/MX1",14
"GO:0050670","GO:0050670","regulation of lymphocyte proliferation","15/253","201/17653",2.15798245706832e-07,3.32995169463445e-05,2.66561795443631e-05,"HAVCR2/CTLA4/CD38/MIR155/VCAM1/PRDM1/PTPN22/CLECL1/TNFSF4/IKZF3/PELI1/TFRC/CASP3/PRKAR1A/CTNNB1",15
"GO:0046651","GO:0046651","lymphocyte proliferation","17/253","260/17653",2.23546703452903e-07,3.32995169463445e-05,2.66561795443631e-05,"HAVCR2/CTLA4/CD38/MIR155/VCAM1/PRDM1/PTPN22/CLECL1/TNFSF4/FKBP1A/IKZF3/PELI1/TFRC/CASP3/PRKAR1A/TBK1/CTNNB1",17
"GO:0030098","GO:0030098","lymphocyte differentiation","19/253","330/17653",3.10575472724014e-07,4.44839638624703e-05,3.5609301164146e-05,"CTLA4/CD27/IFNG/ITM2A/MIR155/VCAM1/PRDM1/ID2/PTPN22/TNFSF4/ZFP36L1/RBPJ/SEMA4A/IKZF3/BATF/STAT3/CTNNB1/RHOH/GATA3",19
"GO:0050870","GO:0050870","positive regulation of T cell activation","15/253","213/17653",4.55966155699572e-07,6.16520733757397e-05,4.9352329639916e-05,"HAVCR2/PDCD1/CTLA4/CD27/HLA-DRA/IFNG/SIRPG/ICOS/MIR155/VCAM1/CLECL1/TNFSF4/PTPN11/TFRC/GATA3",15
"GO:0050864","GO:0050864","regulation of B cell activation","13/253","158/17653",4.63549423877742e-07,6.16520733757397e-05,4.9352329639916e-05,"CTLA4/CD27/SAMSN1/CD38/PRDM1/ID2/TNFSF4/TNFAIP3/ZFP36L1/IKZF3/PELI1/TFRC/CASP3",13
"GO:0045069","GO:0045069","regulation of viral genome replication","10/253","88/17653",5.18296762425429e-07,6.65564532162861e-05,5.32782733643853e-05,"APOBEC3G/OASL/APOBEC3C/APOBEC3F/IFI16/APOBEC3D/BST2/PLSCR1/OAS3/MX1",10
"GO:0060333","GO:0060333","interferon-gamma-mediated signaling pathway","10/253","89/17653",5.76628424092891e-07,6.71051328538102e-05,5.37174900339167e-05,"HLA-DRA/IFNG/VCAM1/OASL/PARP14/OAS3/IRF2/IRF9/GBP1/GBP2",10
"GO:0060337","GO:0060337","type I interferon signaling pathway","10/253","89/17653",5.76628424092891e-07,6.71051328538102e-05,5.37174900339167e-05,"OASL/IFI6/BST2/PTPN11/IFI35/OAS3/MX1/IRF2/IRF9/GBP2",10
"GO:0071357","GO:0071357","cellular response to type I interferon","10/253","89/17653",5.76628424092891e-07,6.71051328538102e-05,5.37174900339167e-05,"OASL/IFI6/BST2/PTPN11/IFI35/OAS3/MX1/IRF2/IRF9/GBP2",10
"GO:0034341","GO:0034341","response to interferon-gamma","14/253","191/17653",6.85550141025468e-07,7.73632947023892e-05,6.19291227873724e-05,"CCL3/HLA-DRA/IFNG/GAPDH/VCAM1/OASL/BST2/PARP14/OAS3/IRF2/IRF9/GBP1/GBP2/CALCOCO2",14
"GO:0051251","GO:0051251","positive regulation of lymphocyte activation","18/253","315/17653",7.15580285253081e-07,7.83770877141904e-05,6.27406615429326e-05,"HAVCR2/PDCD1/CTLA4/CD27/HLA-DRA/IFNG/SIRPG/CD38/ICOS/MIR155/VCAM1/PRDM1/CLECL1/TNFSF4/PELI1/PTPN11/TFRC/GATA3",18
"GO:0019079","GO:0019079","viral genome replication","11/253","115/17653",8.06962934011209e-07,8.58608561787926e-05,6.87313993720223e-05,"CXCR6/APOBEC3G/OASL/APOBEC3C/APOBEC3F/IFI16/APOBEC3D/BST2/PLSCR1/OAS3/MX1",11
"GO:1903039","GO:1903039","positive regulation of leukocyte cell-cell adhesion","15/253","224/17653",8.65397634365181e-07,8.86056164995932e-05,7.09285731038634e-05,"HAVCR2/PDCD1/CTLA4/CD27/HLA-DRA/IFNG/SIRPG/ICOS/MIR155/VCAM1/CLECL1/TNFSF4/PTPN11/TFRC/GATA3",15
"GO:0051101","GO:0051101","regulation of DNA binding","11/253","116/17653",8.80345813771469e-07,8.86056164995932e-05,7.09285731038634e-05,"IFNG/ID3/ID2/HMOX1/IFI16/PARK7/MAD2L2/CTNNB1/GATA3/SRI/CSNK2B",11
"GO:0034340","GO:0034340","response to type I interferon","10/253","94/17653",9.62967151597795e-07,9.37646705129996e-05,7.50583828630264e-05,"OASL/IFI6/BST2/PTPN11/IFI35/OAS3/MX1/IRF2/IRF9/GBP2",10
"GO:0022409","GO:0022409","positive regulation of cell-cell adhesion","16/253","257/17653",9.81960835125399e-07,9.37646705129996e-05,7.50583828630264e-05,"HAVCR2/PDCD1/CTLA4/CD27/HLA-DRA/IFNG/SIRPG/CXCL13/ICOS/MIR155/VCAM1/CLECL1/TNFSF4/PTPN11/TFRC/GATA3",16
"GO:0050868","GO:0050868","negative regulation of T cell activation","10/253","100/17653",1.71015606253396e-06,0.000159215529421912,0.000127451630765689,"HAVCR2/CTLA4/TIGIT/MIR155/LAG3/PTPN22/TNFSF4/PELI1/CASP3/PRKAR1A",10
"GO:0080111","GO:0080111","DNA demethylation","6/253","27/17653",1.87802685512837e-06,0.000170579805085318,0.000136548704845277,"APOBEC3G/APOBEC3C/APOBEC3F/APOBEC3D/GATA3/TET2",6
"GO:0022408","GO:0022408","negative regulation of cell-cell adhesion","12/253","159/17653",3.20237448143418e-06,0.000283943870687164,0.000227296354170968,"HAVCR2/CTLA4/TIGIT/MIR155/LAG3/PTPN22/TNFSF4/UBASH3B/PELI1/CASP3/PRKAR1A/MAD2L2",12
"GO:0002696","GO:0002696","positive regulation of leukocyte activation","18/253","351/17653",3.34041527498915e-06,0.000289295499629293,0.000231580319676115,"HAVCR2/PDCD1/CTLA4/CD27/HLA-DRA/IFNG/SIRPG/CD38/ICOS/MIR155/VCAM1/PRDM1/CLECL1/TNFSF4/PELI1/PTPN11/TFRC/GATA3",18
"GO:0097191","GO:0097191","extrinsic apoptotic signaling pathway","14/253","219/17653",3.47638659547177e-06,0.000294228720034929,0.000235529350200384,"CD27/IFNG/TNFRSF1B/TNFAIP3/FASLG/HMOX1/BCL2L11/CD70/IFI6/PARK7/CTNNA1/CASP3/MCL1/BLOC1S2",14
"GO:0043900","GO:0043900","regulation of multi-organism process","19/253","391/17653",3.89473758565605e-06,0.00032231117264407,0.00025800928286732,"HAVCR2/CCL3/IFNG/GAPDH/APOBEC3G/PRDM1/OASL/APOBEC3C/TNFAIP3/APOBEC3F/BCL2L11/IFI16/APOBEC3D/BST2/PLSCR1/OAS3/MX1/TBK1/DDX60",19
"GO:0007162","GO:0007162","negative regulation of cell adhesion","15/253","255/17653",4.32780082363908e-06,0.000350363701461564,0.000280465261614322,"HAVCR2/CTLA4/TIGIT/MIR155/LAG3/PTPN22/TNFSF4/ACTN4/UBASH3B/PELI1/PTPN11/CASP3/PRKAR1A/MAD2L2/GBP1",15
"GO:0050869","GO:0050869","negative regulation of B cell activation","6/253","31/17653",4.45216851225595e-06,0.000352763309354067,0.000282386141695607,"CTLA4/SAMSN1/PRDM1/ID2/TNFAIP3/CASP3",6
"GO:0030217","GO:0030217","T cell differentiation","14/253","225/17653",4.75799099162094e-06,0.000365642000989835,0.000292695501951273,"CTLA4/CD27/IFNG/MIR155/PRDM1/PTPN22/TNFSF4/ZFP36L1/SEMA4A/BATF/STAT3/CTNNB1/RHOH/GATA3",14
"GO:1903038","GO:1903038","negative regulation of leukocyte cell-cell adhesion","10/253","112/17653",4.81107896039257e-06,0.000365642000989835,0.000292695501951273,"HAVCR2/CTLA4/TIGIT/MIR155/LAG3/PTPN22/TNFSF4/PELI1/CASP3/PRKAR1A",10
"GO:0050867","GO:0050867","positive regulation of cell activation","18/253","363/17653",5.32915724767932e-06,0.000396915631807156,0.000317729964745849,"HAVCR2/PDCD1/CTLA4/CD27/HLA-DRA/IFNG/SIRPG/CD38/ICOS/MIR155/VCAM1/PRDM1/CLECL1/TNFSF4/PELI1/PTPN11/TFRC/GATA3",18
"GO:0032703","GO:0032703","negative regulation of interleukin-2 production","5/253","19/17653",5.73467384663275e-06,0.000418743635389419,0.000335203226701011,"HAVCR2/LAG3/TNFAIP3/GBP1/GATA3",5
"GO:0050777","GO:0050777","negative regulation of immune response","11/253","141/17653",6.01252360987707e-06,0.000430589190830427,0.000344685564031819,"HAVCR2/CTLA4/SAMSN1/TNFSF4/TNFAIP3/HMOX1/IFI16/CD84/BST2/PARP14/TRAFD1",11
"GO:0035510","GO:0035510","DNA dealkylation","6/253","33/17653",6.53840184259325e-06,0.000459415253996552,0.000367760755078929,"APOBEC3G/APOBEC3C/APOBEC3F/APOBEC3D/GATA3/TET2",6
"GO:0071346","GO:0071346","cellular response to interferon-gamma","12/253","171/17653",6.79436645529783e-06,0.000468559642213502,0.000375080814842172,"CCL3/HLA-DRA/IFNG/GAPDH/VCAM1/OASL/PARP14/OAS3/IRF2/IRF9/GBP1/GBP2",12
"GO:0019674","GO:0019674","NAD metabolic process","8/253","71/17653",7.77800563941219e-06,0.000526641690930382,0.000421575348723738,"CD38/PTGIS/GAPDH/GPD2/TPI1/PKM/PFKP/LDHA",8
"GO:0042098","GO:0042098","T cell proliferation","12/253","174/17653",8.11656407010848e-06,0.000539751510662214,0.000432069726438858,"HAVCR2/CTLA4/MIR155/VCAM1/CLECL1/TNFSF4/FKBP1A/PELI1/TFRC/CASP3/PRKAR1A/CTNNB1",12
"GO:0042129","GO:0042129","regulation of T cell proliferation","11/253","149/17653",1.01995691988423e-05,0.000666371854324364,0.000533428993003165,"HAVCR2/CTLA4/MIR155/VCAM1/CLECL1/TNFSF4/PELI1/TFRC/CASP3/PRKAR1A/CTNNB1",11
"GO:0001666","GO:0001666","response to hypoxia","17/253","346/17653",1.10179388109973e-05,0.000707427657450933,0.000566294060122405,"NR4A2/CD38/PTGIS/VCAM1/PAM/ZFP36L1/ACTN4/RBPJ/HMOX1/SLC2A8/CASP3/PKM/PSME2/ARNT/PSMA5/LDHA/CAT",17
"GO:0045091","GO:0045091","regulation of single stranded viral RNA replication via double stranded DNA intermediate","4/253","11/17653",1.25620223160028e-05,0.0007928978153355,0.000634712706492774,"APOBEC3G/APOBEC3C/APOBEC3F/APOBEC3D",4
"GO:0036293","GO:0036293","response to decreased oxygen levels","17/253","354/17653",1.48120619684874e-05,0.000919335312844117,0.000735925605171163,"NR4A2/CD38/PTGIS/VCAM1/PAM/ZFP36L1/ACTN4/RBPJ/HMOX1/SLC2A8/CASP3/PKM/PSME2/ARNT/PSMA5/LDHA/CAT",17
"GO:0045785","GO:0045785","positive regulation of cell adhesion","18/253","392/17653",1.51706868403609e-05,0.000926157996614819,0.000741387146365868,"HAVCR2/PDCD1/CTLA4/CD27/HLA-DRA/CSF1/IFNG/SIRPG/CXCL13/ICOS/MIR155/VCAM1/CLECL1/TNFSF4/LIMS1/PTPN11/TFRC/GATA3",18
"GO:0016554","GO:0016554","cytidine to uridine editing","4/253","12/17653",1.86310004163857e-05,0.00110129913572413,0.000881587187622463,"APOBEC3G/APOBEC3C/APOBEC3F/APOBEC3D",4
"GO:0039692","GO:0039692","single stranded viral RNA replication via double stranded DNA intermediate","4/253","12/17653",1.86310004163857e-05,0.00110129913572413,0.000881587187622463,"APOBEC3G/APOBEC3C/APOBEC3F/APOBEC3D",4
"GO:0043903","GO:0043903","regulation of symbiosis, encompassing mutualism through parasitism","13/253","222/17653",1.99072950022061e-05,0.00115835572794087,0.000927260846155388,"CCL3/GAPDH/APOBEC3G/OASL/APOBEC3C/APOBEC3F/BCL2L11/IFI16/APOBEC3D/BST2/PLSCR1/OAS3/MX1",13
"GO:1902105","GO:1902105","regulation of leukocyte differentiation","14/253","256/17653",2.05883981886437e-05,0.00117178258533177,0.000938009011719023,"CTLA4/CCL3/CD27/CSF1/IFNG/MIR155/PRDM1/ID2/TNFSF4/ZFP36L1/IKZF3/UBASH3B/CTNNB1/GATA3",14
"GO:0002573","GO:0002573","myeloid leukocyte differentiation","12/253","191/17653",2.07673605348809e-05,0.00117178258533177,0.000938009011719023,"CCL3/CSF1/IFNG/ID2/ZFP36L1/RBPJ/IFI16/UBASH3B/BATF/TFRC/CTNNB1/GATA3",12
"GO:0032496","GO:0032496","response to lipopolysaccharide","16/253","327/17653",2.10966264061852e-05,0.00117259457815871,0.000938659009934275,"HAVCR2/TNFRSF9/CCL3/CD27/CXCL13/VCAM1/PRDM1/ACP5/TNFRSF1B/PTPN22/TNFSF4/TNFAIP3/FASLG/PELI1/MAPKAPK3/CASP3",16
"GO:0030888","GO:0030888","regulation of B cell proliferation","7/253","61/17653",2.57855833394059e-05,0.00141213988758747,0.0011304144275108,"CTLA4/CD38/PRDM1/IKZF3/PELI1/TFRC/CASP3",7
"GO:0045006","GO:0045006","DNA deamination","4/253","13/17653",2.66087542944244e-05,0.0014361014636585,0.00114959560887582,"APOBEC3G/APOBEC3C/APOBEC3F/APOBEC3D",4
"GO:1903900","GO:1903900","regulation of viral life cycle","10/253","137/17653",2.85162252724443e-05,0.0015061665217218,0.00120568251159369,"APOBEC3G/OASL/APOBEC3C/APOBEC3F/IFI16/APOBEC3D/BST2/PLSCR1/OAS3/MX1",10
"GO:0046365","GO:0046365","monosaccharide catabolic process","7/253","62/17653",2.87158493668765e-05,0.0015061665217218,0.00120568251159369,"GAPDH/FUT8/GALM/TPI1/PKM/PFKP/NUDT5",7
"GO:0043433","GO:0043433","negative regulation of DNA binding transcription factor activity","11/253","169/17653",3.31937169129448e-05,0.00171685280255287,0.00137433634937807,"HAVCR2/ID3/PTGIS/ID2/TNFSF4/TNFAIP3/HMOX1/PELI1/MAD2L2/CAT/SRI",11
"GO:0070482","GO:0070482","response to oxygen levels","17/253","378/17653",3.41334694753802e-05,0.00174127452501802,0.001393885876774,"NR4A2/CD38/PTGIS/VCAM1/PAM/ZFP36L1/ACTN4/RBPJ/HMOX1/SLC2A8/CASP3/PKM/PSME2/ARNT/PSMA5/LDHA/CAT",17
"GO:0034612","GO:0034612","response to tumor necrosis factor","15/253","305/17653",3.60797911835276e-05,0.00181569111307374,0.0014534561683037,"TNFRSF9/CCL3/CD27/VCAM1/TNFRSF1B/TNFSF4/TNFAIP3/ZFP36L1/CD70/LIMS1/CASP3/PSME2/GATA3/RNF31/PSMA5",15
"GO:0002237","GO:0002237","response to molecule of bacterial origin","16/253","345/17653",4.03420799360479e-05,0.00200311874242456,0.00160349151408965,"HAVCR2/TNFRSF9/CCL3/CD27/CXCL13/VCAM1/PRDM1/ACP5/TNFRSF1B/PTPN22/TNFSF4/TNFAIP3/FASLG/PELI1/MAPKAPK3/CASP3",16
"GO:0045577","GO:0045577","regulation of B cell differentiation","5/253","28/17653",4.36189119081333e-05,0.00213732668349853,0.00171092463329409,"CD27/PRDM1/ID2/ZFP36L1/IKZF3",5
"GO:0045088","GO:0045088","regulation of innate immune response","18/253","427/17653",4.68002721659879e-05,0.00226343134475505,0.00181187109738999,"HAVCR2/IFNG/LAG3/PTPN22/TNFAIP3/IFI16/PELI1/PTPN11/PARP14/PLSCR1/TRAFD1/MAPKAPK3/PSME2/TBK1/DDX60/PSMA5/ICAM3/CTSB",18
"GO:0048569","GO:0048569","post-embryonic animal organ development","4/253","15/17653",4.96629753339372e-05,0.00237108871978952,0.00189805055527274,"MYO7A/MYO1E/BCL2L11/LDHA",4
"GO:0034656","GO:0034656","nucleobase-containing small molecule catabolic process","6/253","47/17653",5.35983643020216e-05,0.00252658618557884,0.00202252588545403,"ENTPD1/APOBEC3G/APOBEC3C/TYMP/APOBEC3F/NUDT5",6
"GO:0016052","GO:0016052","carbohydrate catabolic process","11/253","179/17653",5.61601401536107e-05,0.00261425452415058,0.00209270416993455,"GAPDH/FUT8/GPD2/GALM/TPI1/PKM/STAT3/ARNT/PFKP/LDHA/NUDT5",11
"GO:0030099","GO:0030099","myeloid cell differentiation","17/253","394/17653",5.7196662379692e-05,0.0026296342061972,0.00210501556672239,"CCL3/CSF1/IFNG/ID2/ZFP36L1/RBPJ/IFI16/UBASH3B/BATF/PTPN11/TFRC/CASP3/STAT3/ARNT/CTNNB1/GATA3/TET2",17
"GO:0043525","GO:0043525","positive regulation of neuron apoptotic process","6/253","48/17653",6.05269055858726e-05,0.00271568911327457,0.00217390230335056,"CCL3/FASLG/BCL2L11/CASP3/CTNNB1/MCL1",6
"GO:2000677","GO:2000677","regulation of transcription regulatory region DNA binding","6/253","48/17653",6.05269055858726e-05,0.00271568911327457,0.00217390230335056,"IFNG/PARK7/MAD2L2/CTNNB1/GATA3/SRI",6
"GO:0070988","GO:0070988","demethylation","7/253","70/17653",6.35087084267663e-05,0.00281555274025331,0.00225384288552133,"APOBEC3G/ARID5B/APOBEC3C/APOBEC3F/APOBEC3D/GATA3/TET2",7
"GO:0002286","GO:0002286","T cell activation involved in immune response","8/253","96/17653",7.12662451919605e-05,0.00310340233154415,0.00248426575920997,"HAVCR2/IFNG/TNFSF4/RAB27A/SEMA4A/BATF/STAT3/GATA3",8
"GO:0071356","GO:0071356","cellular response to tumor necrosis factor","14/253","287/17653",7.16682600732536e-05,0.00310340233154415,0.00248426575920997,"TNFRSF9/CCL3/CD27/VCAM1/TNFRSF1B/TNFSF4/TNFAIP3/ZFP36L1/CD70/LIMS1/PSME2/GATA3/RNF31/PSMA5",14
"GO:0070664","GO:0070664","negative regulation of leukocyte proliferation","7/253","73/17653",8.32309702344151e-05,0.00352537805946728,0.00282205626785328,"HAVCR2/CTLA4/PRDM1/TNFAIP3/PELI1/CASP3/PRKAR1A",7
"GO:0006733","GO:0006733","oxidoreduction coenzyme metabolic process","11/253","187/17653",8.33064632742001e-05,0.00352537805946728,0.00282205626785328,"CD38/PTGIS/GAPDH/GPD2/TPI1/COQ10B/PKM/STAT3/ARNT/PFKP/LDHA",11
"GO:0016553","GO:0016553","base conversion or substitution editing","4/253","17/17653",8.46578772694692e-05,0.00354231387585959,0.0028356133462701,"APOBEC3G/APOBEC3C/APOBEC3F/APOBEC3D",4
"GO:0045619","GO:0045619","regulation of lymphocyte differentiation","10/253","156/17653",8.5964544160934e-05,0.00355702180505909,0.00284738700659374,"CTLA4/CD27/IFNG/MIR155/PRDM1/ID2/TNFSF4/ZFP36L1/IKZF3/GATA3",10
"GO:1903706","GO:1903706","regulation of hemopoiesis","18/253","450/17653",9.14849221356581e-05,0.00374384450585924,0.00299693810859669,"CTLA4/CCL3/CD27/CSF1/IFNG/MIR155/PRDM1/ID2/TNFSF4/ZFP36L1/IKZF3/UBASH3B/STAT3/PSME2/ARNT/CTNNB1/GATA3/PSMA5",18
"GO:0043122","GO:0043122","regulation of I-kappaB kinase/NF-kappaB signaling","12/253","223/17653",9.37519006905565e-05,0.00379491389316992,0.00303781902466426,"NDFIP2/TNFAIP3/FKBP1A/FASLG/HMOX1/TRAF5/PELI1/BST2/TBK1/CTNNB1/RHOH/RNF31",12
"GO:0019320","GO:0019320","hexose catabolic process","6/253","52/17653",9.57257428626638e-05,0.00379826685766178,0.00304050306430498,"GAPDH/FUT8/GALM/TPI1/PKM/PFKP",6
"GO:0001819","GO:0001819","positive regulation of cytokine production","17/253","411/17653",9.58746199302382e-05,0.00379826685766178,0.00304050306430498,"HAVCR2/TIGIT/CCL3/AFAP1L2/IFNG/GAPDH/PTPN22/TNFSF4/HMOX1/IFI16/PELI1/PARK7/TBK1/ARNT/CTNNB1/GATA3/DDX60",17
"GO:0032633","GO:0032633","interleukin-4 production","5/253","33/17653",9.9354553738217e-05,0.00389469850653811,0.00311769635663857,"HAVCR2/CLECL1/TNFSF4/RBPJ/GATA3",5
"GO:0043392","GO:0043392","negative regulation of DNA binding","6/253","53/17653",0.000106663998708097,0.00413767428321826,0.00331219785461985,"ID3/ID2/HMOX1/IFI16/MAD2L2/SRI",6
"GO:0051090","GO:0051090","regulation of DNA binding transcription factor activity","17/253","416/17653",0.000110952352332635,0.00425965525862612,0.0034098433185678,"HAVCR2/ID3/PTGIS/ID2/ARID5B/TNFSF4/TNFAIP3/HMOX1/TRAF5/PELI1/PRKCH/PARK7/MAD2L2/CTNNB1/RNF31/CAT/SRI",17
"GO:0002285","GO:0002285","lymphocyte activation involved in immune response","10/253","162/17653",0.000117645026946709,0.00446022943070025,0.00357040243873116,"HAVCR2/IFNG/ITM2A/TNFSF4/RAB27A/SEMA4A/BATF/TFRC/STAT3/GATA3",10
"GO:0002294","GO:0002294","CD4-positive, alpha-beta T cell differentiation involved in immune response","6/253","54/17653",0.000118572157260828,0.00446022943070025,0.00357040243873116,"IFNG/TNFSF4/SEMA4A/BATF/STAT3/GATA3",6
"GO:0050663","GO:0050663","cytokine secretion","11/253","196/17653",0.000126576100746355,0.00463704936073335,0.00371194634789893,"HAVCR2/TNFRSF9/CCL3/SRGN/MIR155/GAPDH/PTPN22/CLECL1/RBPJ/GBP1/GATA3",11
"GO:0050792","GO:0050792","regulation of viral process","11/253","196/17653",0.000126576100746355,0.00463704936073335,0.00371194634789893,"CCL3/APOBEC3G/OASL/APOBEC3C/APOBEC3F/IFI16/APOBEC3D/BST2/PLSCR1/OAS3/MX1",11
"GO:1901216","GO:1901216","positive regulation of neuron death","7/253","78/17653",0.000127008333725779,0.00463704936073335,0.00371194634789893,"CCL3/FASLG/BCL2L11/SSH1/CASP3/CTNNB1/MCL1",7
"GO:0032946","GO:0032946","positive regulation of mononuclear cell proliferation","9/253","133/17653",0.000128545748149663,0.00464761520494511,0.00372040427961009,"HAVCR2/CSF1/CD38/MIR155/VCAM1/CLECL1/TNFSF4/PELI1/TFRC",9
"GO:0002287","GO:0002287","alpha-beta T cell activation involved in immune response","6/253","55/17653",0.000131511250308993,0.00466419159392442,0.00373367363728701,"IFNG/TNFSF4/SEMA4A/BATF/STAT3/GATA3",6
"GO:0002293","GO:0002293","alpha-beta T cell differentiation involved in immune response","6/253","55/17653",0.000131511250308993,0.00466419159392442,0.00373367363728701,"IFNG/TNFSF4/SEMA4A/BATF/STAT3/GATA3",6
"GO:1903514","GO:1903514","release of sequestered calcium ion into cytosol by endoplasmic reticulum","5/253","35/17653",0.00013276162968743,0.00466419159392442,0.00373367363728701,"CCL3/FASLG/CALM3/GSTO1/SRI",5
"GO:0034138","GO:0034138","toll-like receptor 3 signaling pathway","4/253","19/17653",0.000134794857402354,0.00469136494361088,0.00375542583535135,"HAVCR2/PTPN22/TNFAIP3/PELI1",4
"GO:0050848","GO:0050848","regulation of calcium-mediated signaling","7/253","79/17653",0.000137676121676765,0.00474727664003955,0.00380018300768614,"CCL3/FKBP1A/CALM3/NFAT5/GBP1/GSTO1/SRI",7
"GO:0031349","GO:0031349","positive regulation of defense response","18/253","466/17653",0.000141648706508717,0.0048394475508116,0.00387396558988593,"HAVCR2/CCL3/MIR155/LAG3/PTPN22/TNFSF4/TNFAIP3/IFI16/PELI1/PARK7/PLSCR1/MAPKAPK3/PSME2/TBK1/DDX60/PSMA5/ICAM3/CTSB",18
"GO:0043123","GO:0043123","positive regulation of I-kappaB kinase/NF-kappaB signaling","10/253","167/17653",0.000151108818571388,0.0051157203669077,0.00409512128415473,"NDFIP2/FKBP1A/FASLG/HMOX1/TRAF5/PELI1/BST2/TBK1/CTNNB1/RNF31",10
"GO:0045453","GO:0045453","bone resorption","6/253","57/17653",0.000160737233484578,0.00539266177924836,0.00431681218803532,"CD38/ACP5/TNFAIP3/UBASH3B/TFRC/CTNNB1",6
"GO:0010528","GO:0010528","regulation of transposition","4/253","20/17653",0.000166604306352056,0.005470109484932,0.00437880888160084,"APOBEC3G/APOBEC3C/APOBEC3F/APOBEC3D",4
"GO:0010529","GO:0010529","negative regulation of transposition","4/253","20/17653",0.000166604306352056,0.005470109484932,0.00437880888160084,"APOBEC3G/APOBEC3C/APOBEC3F/APOBEC3D",4
"GO:0042326","GO:0042326","negative regulation of phosphorylation","18/253","473/17653",0.000170308179286487,0.005470109484932,0.00437880888160084,"DUSP4/SAMSN1/RGS2/WARS/PTPN22/TNFAIP3/FKBP1A/CBLB/INPP5F/UBASH3B/PARP14/PARK7/CASP3/STAT3/CALM3/PRKAR1A/GBP1/RHOH",18
"GO:0048872","GO:0048872","homeostasis of number of cells","12/253","238/17653",0.000172860133105286,0.005470109484932,0.00437880888160084,"CSF1/ID2/TNFAIP3/ZFP36L1/HMOX1/BCL2L11/PTPN11/MTHFD1/CASP3/STAT3/ARNT/GATA3",12
"GO:0072529","GO:0072529","pyrimidine-containing compound catabolic process","5/253","37/17653",0.000174152105733229,0.005470109484932,0.00437880888160084,"APOBEC3G/APOBEC3C/TYMP/APOBEC3F/TET2",5
"GO:0019362","GO:0019362","pyridine nucleotide metabolic process","10/253","170/17653",0.000174796731661361,0.005470109484932,0.00437880888160084,"CD38/PTGIS/GAPDH/GPD2/TPI1/PKM/STAT3/ARNT/PFKP/LDHA",10
"GO:0046496","GO:0046496","nicotinamide nucleotide metabolic process","10/253","170/17653",0.000174796731661361,0.005470109484932,0.00437880888160084,"CD38/PTGIS/GAPDH/GPD2/TPI1/PKM/STAT3/ARNT/PFKP/LDHA",10
"GO:1903708","GO:1903708","positive regulation of hemopoiesis","10/253","170/17653",0.000174796731661361,0.005470109484932,0.00437880888160084,"CD27/CSF1/IFNG/PRDM1/ID2/TNFSF4/ZFP36L1/STAT3/ARNT/GATA3",10
"GO:0002262","GO:0002262","myeloid cell homeostasis","9/253","139/17653",0.000179713036914238,0.00557709457890517,0.00446445018018527,"ID2/ZFP36L1/HMOX1/BCL2L11/MTHFD1/CASP3/STAT3/ARNT/GATA3",9
"GO:0070665","GO:0070665","positive regulation of leukocyte proliferation","9/253","140/17653",0.000189698871903962,0.00583833552868062,0.00467357290327986,"HAVCR2/CSF1/CD38/MIR155/VCAM1/CLECL1/TNFSF4/PELI1/TFRC",9
"GO:0070997","GO:0070997","neuron death","14/253","316/17653",0.000196915030219911,0.00601075059458155,0.0048115907297911,"CCL3/NR4A2/GAPDH/FASLG/HMOX1/BCL2L11/SSH1/PARK7/CASP3/STAT3/TBK1/CTNNB1/GATA3/MCL1",14
"GO:0033209","GO:0033209","tumor necrosis factor-mediated signaling pathway","10/253","173/17653",0.000201536136601994,0.00608059947088671,0.00486750457955542,"TNFRSF9/CD27/TNFRSF1B/TNFSF4/TNFAIP3/CD70/LIMS1/PSME2/RNF31/PSMA5",10
"GO:1903426","GO:1903426","regulation of reactive oxygen species biosynthetic process","7/253","84/17653",0.000202468940491394,0.00608059947088671,0.00486750457955542,"IFNG/MIR155/PTGIS/ACP5/RAB27A/PARK7/STAT3",7
"GO:1901214","GO:1901214","regulation of neuron death","13/253","281/17653",0.000218381145979747,0.00650601110102861,0.0052080455192812,"CCL3/NR4A2/FASLG/HMOX1/BCL2L11/SSH1/PARK7/CASP3/STAT3/TBK1/CTNNB1/GATA3/MCL1",13
"GO:0072524","GO:0072524","pyridine-containing compound metabolic process","10/253","175/17653",0.000221207588728339,0.0065379131779709,0.00523358305161784,"CD38/PTGIS/GAPDH/GPD2/TPI1/PKM/STAT3/ARNT/PFKP/LDHA",10
"GO:0006734","GO:0006734","NADH metabolic process","5/253","39/17653",0.000224726470687207,0.00658961714046582,0.005274971943524,"GAPDH/GPD2/TPI1/PKM/PFKP",5
"GO:0002292","GO:0002292","T cell differentiation involved in immune response","6/253","61/17653",0.000234486959676498,0.00682210498308812,0.00546107787667634,"IFNG/TNFSF4/SEMA4A/BATF/STAT3/GATA3",6
"GO:0046135","GO:0046135","pyrimidine nucleoside catabolic process","4/253","22/17653",0.000245934361008511,0.00709968651469531,0.00568328119441945,"APOBEC3G/APOBEC3C/TYMP/APOBEC3F",4
"GO:2000679","GO:2000679","positive regulation of transcription regulatory region DNA binding","4/253","23/17653",0.000294376414892491,0.0084327520696895,0.00675039681761565,"IFNG/PARK7/CTNNB1/GATA3",4
"GO:0043367","GO:0043367","CD4-positive, alpha-beta T cell differentiation","6/253","64/17653",0.000305499760893595,0.00868458862265455,0.00695199134472206,"IFNG/TNFSF4/SEMA4A/BATF/STAT3/GATA3",6
"GO:0006216","GO:0006216","cytidine catabolic process","3/253","10/17653",0.00032403521983442,0.00900527730345806,0.00720870182695269,"APOBEC3G/APOBEC3C/APOBEC3F",3
"GO:0009972","GO:0009972","cytidine deamination","3/253","10/17653",0.00032403521983442,0.00900527730345806,0.00720870182695269,"APOBEC3G/APOBEC3C/APOBEC3F",3
"GO:0046087","GO:0046087","cytidine metabolic process","3/253","10/17653",0.00032403521983442,0.00900527730345806,0.00720870182695269,"APOBEC3G/APOBEC3C/APOBEC3F",3
"GO:0051402","GO:0051402","neuron apoptotic process","11/253","219/17653",0.000331639351183074,0.00903561205384698,0.00723298471832626,"CCL3/NR4A2/GAPDH/FASLG/HMOX1/BCL2L11/PARK7/CASP3/CTNNB1/GATA3/MCL1",11
"GO:0009791","GO:0009791","post-embryonic development","7/253","91/17653",0.000332405706599634,0.00903561205384698,0.00723298471832626,"MYO7A/MYO1E/NR4A2/PRDM1/ARID5B/BCL2L11/GATA3",7
"GO:0046632","GO:0046632","alpha-beta T cell differentiation","7/253","91/17653",0.000332405706599634,0.00903561205384698,0.00723298471832626,"IFNG/PRDM1/TNFSF4/SEMA4A/BATF/STAT3/GATA3",7
"GO:0007249","GO:0007249","I-kappaB kinase/NF-kappaB signaling","12/253","256/17653",0.000337425609106611,0.00910560121965955,0.00728901086948834,"NDFIP2/TNFAIP3/FKBP1A/FASLG/HMOX1/TRAF5/PELI1/BST2/TBK1/CTNNB1/RHOH/RNF31",12
"GO:0002507","GO:0002507","tolerance induction","4/253","24/17653",0.000349297971293005,0.00929132603639394,0.00743768311805857,"HAVCR2/PDCD1/ICOS/TNFAIP3",4
"GO:0032196","GO:0032196","transposition","4/253","24/17653",0.000349297971293005,0.00929132603639394,0.00743768311805857,"APOBEC3G/APOBEC3C/APOBEC3F/APOBEC3D",4
"GO:1902106","GO:1902106","negative regulation of leukocyte differentiation","7/253","92/17653",0.000355452905041124,0.00933310689652738,0.0074711285914878,"CTLA4/CCL3/MIR155/ID2/TNFSF4/UBASH3B/CTNNB1",7
"GO:0030183","GO:0030183","B cell differentiation","8/253","121/17653",0.000355881090039444,0.00933310689652738,0.0074711285914878,"CD27/ITM2A/VCAM1/PRDM1/ID2/ZFP36L1/RBPJ/IKZF3",8
"GO:0031348","GO:0031348","negative regulation of defense response","10/253","187/17653",0.00037621283220782,0.00979731879120226,0.00784272904536288,"HAVCR2/MIR155/PTGIS/ACP5/TNFRSF1B/TNFAIP3/IFI16/PARP14/TRAFD1/GATA3",10
"GO:0042100","GO:0042100","B cell proliferation","7/253","93/17653",0.000379762670584833,0.00982108461984666,0.00786175353140532,"CTLA4/CD38/PRDM1/IKZF3/PELI1/TFRC/CASP3",7
"GO:0009185","GO:0009185","ribonucleoside diphosphate metabolic process","8/253","123/17653",0.000397499277708589,0.0102088780012882,0.00817218115768222,"GAPDH/TPI1/PKM/STAT3/ARNT/PFKP/LDHA/NUDT5",8
"GO:0006732","GO:0006732","coenzyme metabolic process","15/253","380/17653",0.000404555044338245,0.0102767131038309,0.00822648298661575,"CD38/PTGIS/GAPDH/MTHFD2/GPD2/TPI1/MTHFD1/COQ10B/PKM/STAT3/ACSL4/ARNT/PFKP/GSTO1/LDHA",15
"GO:0006735","GO:0006735","NADH regeneration","4/253","25/17653",0.000411178907752634,0.0102767131038309,0.00822648298661575,"GAPDH/TPI1/PKM/PFKP",4
"GO:0061621","GO:0061621","canonical glycolysis","4/253","25/17653",0.000411178907752634,0.0102767131038309,0.00822648298661575,"GAPDH/TPI1/PKM/PFKP",4
"GO:0061718","GO:0061718","glucose catabolic process to pyruvate","4/253","25/17653",0.000411178907752634,0.0102767131038309,0.00822648298661575,"GAPDH/TPI1/PKM/PFKP",4
"GO:0044282","GO:0044282","small molecule catabolic process","16/253","425/17653",0.000439488016411774,0.0108720495297871,0.00870304829791313,"ENTPD1/SARDH/GAPDH/APOBEC3G/FUT8/GLDC/APOBEC3C/TYMP/APOBEC3F/GPD2/GALM/TPI1/PKM/PFKP/SNX17/NUDT5",16
"GO:0060315","GO:0060315","negative regulation of ryanodine-sensitive calcium-release channel activity","3/253","11/17653",0.000440837668903827,0.0108720495297871,0.00870304829791313,"CALM3/GSTO1/SRI",3
"GO:0045824","GO:0045824","negative regulation of innate immune response","5/253","45/17653",0.000444683193372264,0.0108947382376205,0.00872121055145604,"HAVCR2/TNFAIP3/IFI16/PARP14/TRAFD1",5
"GO:0032945","GO:0032945","negative regulation of mononuclear cell proliferation","6/253","69/17653",0.000460234597945004,0.0111293093684883,0.00890898415160801,"HAVCR2/CTLA4/PRDM1/PELI1/CASP3/PRKAR1A",6
"GO:0050672","GO:0050672","negative regulation of lymphocyte proliferation","6/253","69/17653",0.000460234597945004,0.0111293093684883,0.00890898415160801,"HAVCR2/CTLA4/PRDM1/PELI1/CASP3/PRKAR1A",6
"GO:0039694","GO:0039694","viral RNA genome replication","4/253","26/17653",0.000480504876429267,0.0113253174672316,0.00906588814155686,"APOBEC3G/APOBEC3C/APOBEC3F/APOBEC3D",4
"GO:0060314","GO:0060314","regulation of ryanodine-sensitive calcium-release channel activity","4/253","26/17653",0.000480504876429267,0.0113253174672316,0.00906588814155686,"FKBP1A/CALM3/GSTO1/SRI",4
"GO:0061615","GO:0061615","glycolytic process through fructose-6-phosphate","4/253","26/17653",0.000480504876429267,0.0113253174672316,0.00906588814155686,"GAPDH/TPI1/PKM/PFKP",4
"GO:0061620","GO:0061620","glycolytic process through glucose-6-phosphate","4/253","26/17653",0.000480504876429267,0.0113253174672316,0.00906588814155686,"GAPDH/TPI1/PKM/PFKP",4
"GO:0043523","GO:0043523","regulation of neuron apoptotic process","10/253","194/17653",0.000502521931640321,0.0117697589523809,0.00942166243234286,"CCL3/NR4A2/FASLG/HMOX1/BCL2L11/PARK7/CASP3/CTNNB1/GATA3/MCL1",10
"GO:0051098","GO:0051098","regulation of binding","14/253","349/17653",0.000536152553173997,0.0124789506751248,0.00998936862229447,"IFNG/ID3/ID2/FKBP1A/HMOX1/IFI16/UBASH3B/CAMK1/PARK7/MAD2L2/CTNNB1/GATA3/SRI/CSNK2B",14
"GO:0006096","GO:0006096","glycolytic process","7/253","99/17653",0.000555008939297707,0.0128152585215795,0.0102585822073359,"GAPDH/TPI1/PKM/STAT3/ARNT/PFKP/LDHA",7
"GO:0001933","GO:0001933","negative regulation of protein phosphorylation","16/253","435/17653",0.000565414839551899,0.0128152585215795,0.0102585822073359,"DUSP4/SAMSN1/RGS2/WARS/PTPN22/TNFAIP3/FKBP1A/CBLB/INPP5F/UBASH3B/PARP14/PARK7/CASP3/CALM3/PRKAR1A/GBP1",16
"GO:0019359","GO:0019359","nicotinamide nucleotide biosynthetic process","8/253","130/17653",0.000575445422744771,0.0128152585215795,0.0102585822073359,"PTGIS/GAPDH/TPI1/PKM/STAT3/ARNT/PFKP/LDHA",8
"GO:0019363","GO:0019363","pyridine nucleotide biosynthetic process","8/253","130/17653",0.000575445422744771,0.0128152585215795,0.0102585822073359,"PTGIS/GAPDH/TPI1/PKM/STAT3/ARNT/PFKP/LDHA",8
"GO:0032652","GO:0032652","regulation of interleukin-1 production","6/253","72/17653",0.000578805379945222,0.0128152585215795,0.0102585822073359,"HAVCR2/CCL3/MIR155/ACP5/TNFAIP3/IFI16",6
"GO:0006979","GO:0006979","response to oxidative stress","16/253","436/17653",0.000579559514802321,0.0128152585215795,0.0102585822073359,"NR4A2/CD38/MIR155/FUT8/TNFAIP3/HMOX1/NCF4/PON2/PARK7/CASP3/PRDX5/ARNT/CTNNB1/MCL1/LDHA/CAT",16
"GO:0045779","GO:0045779","negative regulation of bone resorption","3/253","12/17653",0.000581573225066307,0.0128152585215795,0.0102585822073359,"CD38/TNFAIP3/UBASH3B",3
"GO:0046133","GO:0046133","pyrimidine ribonucleoside catabolic process","3/253","12/17653",0.000581573225066307,0.0128152585215795,0.0102585822073359,"APOBEC3G/APOBEC3C/APOBEC3F",3
"GO:0051712","GO:0051712","positive regulation of killing of cells of other organism","3/253","12/17653",0.000581573225066307,0.0128152585215795,0.0102585822073359,"IFNG/GAPDH/BCL2L11",3
"GO:0006757","GO:0006757","ATP generation from ADP","7/253","100/17653",0.000589616878279401,0.012916077968897,0.0103392879212834,"GAPDH/TPI1/PKM/STAT3/ARNT/PFKP/LDHA",7
"GO:0045089","GO:0045089","positive regulation of innate immune response","14/253","353/17653",0.000599742797717632,0.0130610653725173,0.0104553499731384,"HAVCR2/LAG3/PTPN22/TNFAIP3/IFI16/PELI1/PLSCR1/MAPKAPK3/PSME2/TBK1/DDX60/PSMA5/ICAM3/CTSB",14
"GO:0035710","GO:0035710","CD4-positive, alpha-beta T cell activation","6/253","73/17653",0.000623185177829772,0.0134926837339423,0.0108008593856421,"IFNG/TNFSF4/SEMA4A/BATF/STAT3/GATA3",6
"GO:0050671","GO:0050671","positive regulation of lymphocyte proliferation","8/253","132/17653",0.000636658661680655,0.0137047217115535,0.0109705952532985,"HAVCR2/CD38/MIR155/VCAM1/CLECL1/TNFSF4/PELI1/TFRC",8
"GO:1903427","GO:1903427","negative regulation of reactive oxygen species biosynthetic process","4/253","28/17653",0.000643457560613814,0.0137714710099186,0.0110240278987194,"PTGIS/ACP5/PARK7/STAT3",4
"GO:0019058","GO:0019058","viral life cycle","13/253","316/17653",0.000667172318461181,0.0140792003133225,0.0112703644319434,"CXCR6/APOBEC3G/OASL/APOBEC3C/APOBEC3F/IFI16/APOBEC3D/BST2/PLSCR1/TFRC/OAS3/MX1/CTSB",13
"GO:0072525","GO:0072525","pyridine-containing compound biosynthetic process","8/253","133/17653",0.000669177888146638,0.0140792003133225,0.0112703644319434,"PTGIS/GAPDH/TPI1/PKM/STAT3/ARNT/PFKP/LDHA",8
"GO:1902107","GO:1902107","positive regulation of leukocyte differentiation","8/253","133/17653",0.000669177888146638,0.0140792003133225,0.0112703644319434,"CD27/CSF1/IFNG/PRDM1/ID2/TNFSF4/ZFP36L1/GATA3",8
"GO:0051224","GO:0051224","negative regulation of protein transport","9/253","167/17653",0.000693957199674882,0.0145185202898273,0.0116220389679436,"TNFRSF9/SRGN/MIR155/PTPN22/NDFIP2/PTPN11/PARK7/GBP1/OS9",9
"GO:0042866","GO:0042866","pyruvate biosynthetic process","7/253","103/17653",0.000703834983417053,0.0145615637680284,0.0116564951639596,"GAPDH/TPI1/PKM/STAT3/ARNT/PFKP/LDHA",7
"GO:2001237","GO:2001237","negative regulation of extrinsic apoptotic signaling pathway","7/253","103/17653",0.000703834983417053,0.0145615637680284,0.0116564951639596,"TNFAIP3/FASLG/HMOX1/IFI6/PARK7/CTNNA1/MCL1",7
"GO:0030101","GO:0030101","natural killer cell activation","6/253","75/17653",0.00071982847929712,0.0148067608053302,0.0118527747754806,"HAVCR2/PRDM1/ID2/PTPN22/RAB27A/IL21R",6
"GO:0032655","GO:0032655","regulation of interleukin-12 production","5/253","50/17653",0.000727614722710911,0.0148067608053302,0.0118527747754806,"TIGIT/TNFRSF9/IFNG/ACP5/TNFSF4",5
"GO:0032663","GO:0032663","regulation of interleukin-2 production","5/253","50/17653",0.000727614722710911,0.0148067608053302,0.0118527747754806,"HAVCR2/LAG3/TNFAIP3/GBP1/GATA3",5
"GO:0045589","GO:0045589","regulation of regulatory T cell differentiation","4/253","29/17653",0.00073807585381016,0.0148972459726913,0.0119252079243207,"CTLA4/IFNG/MIR155/TNFSF4",4
"GO:1903409","GO:1903409","reactive oxygen species biosynthetic process","7/253","104/17653",0.000745571839659254,0.0148972459726913,0.0119252079243207,"IFNG/MIR155/PTGIS/ACP5/RAB27A/PARK7/STAT3",7
"GO:0032352","GO:0032352","positive regulation of hormone metabolic process","3/253","13/17653",0.000748062566297872,0.0148972459726913,0.0119252079243207,"IFNG/ARNT/GATA3",3
"GO:0051709","GO:0051709","regulation of killing of cells of other organism","3/253","13/17653",0.000748062566297872,0.0148972459726913,0.0119252079243207,"IFNG/GAPDH/BCL2L11",3
"GO:0009108","GO:0009108","coenzyme biosynthetic process","11/253","242/17653",0.000765027075951283,0.0151540469725669,0.01213077647869,"PTGIS/GAPDH/TPI1/MTHFD1/COQ10B/PKM/STAT3/ACSL4/ARNT/PFKP/LDHA",11
"GO:0046031","GO:0046031","ADP metabolic process","7/253","105/17653",0.000789243130685845,0.0155510127972174,0.0124485466226807,"GAPDH/TPI1/PKM/STAT3/ARNT/PFKP/LDHA",7
"GO:0019722","GO:0019722","calcium-mediated signaling","9/253","171/17653",0.000821690378161948,0.0160208113522256,0.0128246191840983,"CCL3/VCAM1/LAT2/FKBP1A/CALM3/NFAT5/GBP1/GSTO1/SRI",9
"GO:1904950","GO:1904950","negative regulation of establishment of protein localization","9/253","171/17653",0.000821690378161948,0.0160208113522256,0.0128246191840983,"TNFRSF9/SRGN/MIR155/PTPN22/NDFIP2/PTPN11/PARK7/GBP1/OS9",9
"GO:0031295","GO:0031295","T cell costimulation","6/253","77/17653",0.000827673696186915,0.0160534210656254,0.0128507231776389,"PDCD1/CTLA4/HLA-DRA/ICOS/TNFSF4/PTPN11",6
"GO:0050707","GO:0050707","regulation of cytokine secretion","9/253","172/17653",0.000856443897538312,0.0163434943073223,0.0130829260778836,"HAVCR2/TNFRSF9/CCL3/SRGN/MIR155/GAPDH/PTPN22/GBP1/GATA3",9
"GO:1901292","GO:1901292","nucleoside phosphate catabolic process","9/253","172/17653",0.000856443897538312,0.0163434943073223,0.0130829260778836,"GAPDH/PDE7B/TPI1/PKM/STAT3/ARNT/PFKP/LDHA/NUDT5",9
"GO:0009435","GO:0009435","NAD biosynthetic process","5/253","52/17653",0.000872033166796005,0.0163434943073223,0.0130829260778836,"PTGIS/GAPDH/TPI1/PKM/PFKP",5
"GO:0032615","GO:0032615","interleukin-12 production","5/253","52/17653",0.000872033166796005,0.0163434943073223,0.0130829260778836,"TIGIT/TNFRSF9/IFNG/ACP5/TNFSF4",5
"GO:0033059","GO:0033059","cellular pigmentation","5/253","52/17653",0.000872033166796005,0.0163434943073223,0.0130829260778836,"MYO7A/LYST/RAB27A/CD63/BLOC1S2",5
"GO:0042093","GO:0042093","T-helper cell differentiation","5/253","52/17653",0.000872033166796005,0.0163434943073223,0.0130829260778836,"TNFSF4/SEMA4A/BATF/STAT3/GATA3",5
"GO:0030522","GO:0030522","intracellular receptor signaling pathway","12/253","285/17653",0.000873349991180756,0.0163434943073223,0.0130829260778836,"NR4A2/CREM/PTGIS/PTPN22/TNFAIP3/ACTN4/PLPP1/PARK7/STAT3/ARNT/CTNNB1/DDX60",12
"GO:0031294","GO:0031294","lymphocyte costimulation","6/253","78/17653",0.00088606247639201,0.0164984833104192,0.0132069943849588,"PDCD1/CTLA4/HLA-DRA/ICOS/TNFSF4/PTPN11",6
"GO:0034599","GO:0034599","cellular response to oxidative stress","12/253","286/17653",0.000900248308457307,0.0166792273666418,0.0133516795472694,"NR4A2/MIR155/FUT8/TNFAIP3/HMOX1/NCF4/PARK7/PRDX5/ARNT/CTNNB1/MCL1/CAT",12
"GO:0010893","GO:0010893","positive regulation of steroid biosynthetic process","3/253","14/17653",0.000942034146241285,0.0170297823330221,0.01363229791597,"IFNG/ABCG1/STARD4",3
"GO:0045064","GO:0045064","T-helper 2 cell differentiation","3/253","14/17653",0.000942034146241285,0.0170297823330221,0.01363229791597,"TNFSF4/BATF/GATA3",3
"GO:0046851","GO:0046851","negative regulation of bone remodeling","3/253","14/17653",0.000942034146241285,0.0170297823330221,0.01363229791597,"CD38/TNFAIP3/UBASH3B",3
"GO:0051444","GO:0051444","negative regulation of ubiquitin-protein transferase activity","3/253","14/17653",0.000942034146241285,0.0170297823330221,0.01363229791597,"PARK7/LIMK1/MAD2L2",3
"GO:0070672","GO:0070672","response to interleukin-15","3/253","14/17653",0.000942034146241285,0.0170297823330221,0.01363229791597,"IL2RB/STAT3/ACSL4",3
"GO:0006007","GO:0006007","glucose catabolic process","4/253","31/17653",0.000956092422888563,0.0170358286260144,0.0136371379582997,"GAPDH/TPI1/PKM/PFKP",4
"GO:0009164","GO:0009164","nucleoside catabolic process","4/253","31/17653",0.000956092422888563,0.0170358286260144,0.0136371379582997,"APOBEC3G/APOBEC3C/TYMP/APOBEC3F",4
"GO:0045066","GO:0045066","regulatory T cell differentiation","4/253","31/17653",0.000956092422888563,0.0170358286260144,0.0136371379582997,"CTLA4/IFNG/MIR155/TNFSF4",4
"GO:1903320","GO:1903320","regulation of protein modification by small protein conjugation or removal","10/253","212/17653",0.00099610009145906,0.0176641749552073,0.0141401276140955,"PTPN22/NDFIP2/TNFAIP3/FKBP1A/PELI1/PARK7/LIMK1/MAD2L2/ARNT/CTNNB1",10
"GO:0051051","GO:0051051","negative regulation of transport","16/253","460/17653",0.00102265403231845,0.018030254656971,0.0144331734944151,"TNFRSF9/SRGN/TBC1D4/MIR155/PTPN22/NDFIP2/HMOX1/CD84/BST2/PTPN11/PARK7/CALM3/GBP1/GSTO1/OS9/SRI",16
"GO:1903707","GO:1903707","negative regulation of hemopoiesis","8/253","142/17653",0.00102642695684153,0.018030254656971,0.0144331734944151,"CTLA4/CCL3/MIR155/ID2/TNFSF4/ZFP36L1/UBASH3B/CTNNB1",8
"GO:0009132","GO:0009132","nucleoside diphosphate metabolic process","8/253","143/17653",0.001074068986203,0.0187785582376524,0.0150321886282525,"GAPDH/TPI1/PKM/STAT3/ARNT/PFKP/LDHA/NUDT5",8
"GO:0034404","GO:0034404","nucleobase-containing small molecule biosynthetic process","10/253","215/17653",0.00110790498162765,0.0192796175307541,0.0154332853318717,"GAPDH/PDE7B/TYMP/TPI1/PKM/STAT3/ARNT/PFKP/LDHA/NUDT5",10
"GO:0042130","GO:0042130","negative regulation of T cell proliferation","5/253","55/17653",0.00112730489477098,0.0195259694331495,0.0156304894099947,"HAVCR2/CTLA4/PELI1/CASP3/PRKAR1A",5
"GO:0032612","GO:0032612","interleukin-1 production","6/253","82/17653",0.00115195769560821,0.0196322291913016,0.0157155500790791,"HAVCR2/CCL3/MIR155/ACP5/TNFAIP3/IFI16",6
"GO:0046849","GO:0046849","bone remodeling","6/253","82/17653",0.00115195769560821,0.0196322291913016,0.0157155500790791,"CD38/ACP5/TNFAIP3/UBASH3B/TFRC/CTNNB1",6
"GO:0051209","GO:0051209","release of sequestered calcium ion into cytosol","7/253","112/17653",0.00115452690464421,0.0196322291913016,0.0157155500790791,"CCL3/FKBP1A/FASLG/UBASH3B/CALM3/GSTO1/SRI",7
"GO:0051283","GO:0051283","negative regulation of sequestering of calcium ion","7/253","112/17653",0.00115452690464421,0.0196322291913016,0.0157155500790791,"CCL3/FKBP1A/FASLG/UBASH3B/CALM3/GSTO1/SRI",7
"GO:0051044","GO:0051044","positive regulation of membrane protein ectodomain proteolysis","3/253","15/17653",0.00116512693896812,0.0196331797317525,0.0157163109843188,"IFNG/TNFRSF1B/SNX9",3
"GO:0051280","GO:0051280","negative regulation of release of sequestered calcium ion into cytosol","3/253","15/17653",0.00116512693896812,0.0196331797317525,0.0157163109843188,"CALM3/GSTO1/SRI",3
"GO:0072330","GO:0072330","monocarboxylic acid biosynthetic process","12/253","296/17653",0.00120936228374542,0.0202867799309366,0.0162395162995117,"PTGIS/GAPDH/CHST12/TPI1/OSBPL3/PARK7/STARD4/PKM/STAT3/ARNT/PFKP/LDHA",12
"GO:0051282","GO:0051282","regulation of sequestering of calcium ion","7/253","113/17653",0.00121602703616912,0.0203071062004206,0.0162557874270991,"CCL3/FKBP1A/FASLG/UBASH3B/CALM3/GSTO1/SRI",7
"GO:0002761","GO:0002761","regulation of myeloid leukocyte differentiation","7/253","114/17653",0.00128006486160889,0.0212810783242478,0.0170354496620131,"CCL3/CSF1/IFNG/ID2/ZFP36L1/UBASH3B/CTNNB1",7
"GO:0050708","GO:0050708","regulation of protein secretion","15/253","426/17653",0.00129407751923029,0.0214184208071716,0.0171453919740828,"HAVCR2/TNFRSF9/CCL3/SRGN/IFNG/CD38/MIR155/GAPDH/PTPN22/TNFSF4/PAM/PTPN11/GBP1/GATA3/SRI",15
"GO:0032623","GO:0032623","interleukin-2 production","5/253","57/17653",0.0013257500196069,0.0217493086917009,0.0174102668932379,"HAVCR2/LAG3/TNFAIP3/GBP1/GATA3",5
"GO:0045576","GO:0045576","mast cell activation","5/253","57/17653",0.0013257500196069,0.0217493086917009,0.0174102668932379,"LAT2/HMOX1/CD84/PLSCR1/RHOH",5
"GO:0007596","GO:0007596","blood coagulation","13/253","341/17653",0.00133556222322762,0.0218141829793845,0.0174621985973252,"ENTPD1/RAB27A/DGKH/UBASH3B/PTPN11/PRKCH/PLSCR1/PRKAR1A/ANXA5/IRF2/FIBP/GATA3/CAPZA2",13
"GO:0034101","GO:0034101","erythrocyte homeostasis","7/253","115/17653",0.00134671225754326,0.0219002464938476,0.0175310922241439,"ID2/ZFP36L1/HMOX1/CASP3/STAT3/ARNT/GATA3",7
"GO:0014808","GO:0014808","release of sequestered calcium ion into cytosol by sarcoplasmic reticulum","4/253","34/17653",0.00136258057856112,0.0220619568459201,0.0176605409541652,"CCL3/CALM3/GSTO1/SRI",4
"GO:0002218","GO:0002218","activation of innate immune response","12/253","301/17653",0.00139419949217159,0.022201504077831,0.0177722481622526,"HAVCR2/PTPN22/TNFAIP3/IFI16/PELI1/MAPKAPK3/PSME2/TBK1/DDX60/PSMA5/ICAM3/CTSB",12
"GO:0046631","GO:0046631","alpha-beta T cell activation","7/253","116/17653",0.00141604201625706,0.022201504077831,0.0177722481622526,"IFNG/PRDM1/TNFSF4/SEMA4A/BATF/STAT3/GATA3",7
"GO:0051208","GO:0051208","sequestering of calcium ion","7/253","116/17653",0.00141604201625706,0.022201504077831,0.0177722481622526,"CCL3/FKBP1A/FASLG/UBASH3B/CALM3/GSTO1/SRI",7
"GO:0003159","GO:0003159","morphogenesis of an endothelium","3/253","16/17653",0.00141889311775611,0.022201504077831,0.0177722481622526,"RBPJ/CTNNB1/CSNK2B",3
"GO:0030889","GO:0030889","negative regulation of B cell proliferation","3/253","16/17653",0.00141889311775611,0.022201504077831,0.0177722481622526,"CTLA4/PRDM1/CASP3",3
"GO:0032695","GO:0032695","negative regulation of interleukin-12 production","3/253","16/17653",0.00141889311775611,0.022201504077831,0.0177722481622526,"TIGIT/TNFRSF9/ACP5",3
"GO:0051284","GO:0051284","positive regulation of sequestering of calcium ion","3/253","16/17653",0.00141889311775611,0.022201504077831,0.0177722481622526,"CALM3/GSTO1/SRI",3
"GO:0061154","GO:0061154","endothelial tube morphogenesis","3/253","16/17653",0.00141889311775611,0.022201504077831,0.0177722481622526,"RBPJ/CTNNB1/CSNK2B",3
"GO:0032651","GO:0032651","regulation of interleukin-1 beta production","5/253","58/17653",0.00143410784650179,0.0222525734182195,0.0178131290407591,"CCL3/MIR155/ACP5/TNFAIP3/IFI16",5
"GO:0046530","GO:0046530","photoreceptor cell differentiation","5/253","58/17653",0.00143410784650179,0.0222525734182195,0.0178131290407591,"MYO7A/PRDM1/AHI1/ARL3/STAT3",5
"GO:0006165","GO:0006165","nucleoside diphosphate phosphorylation","7/253","117/17653",0.00148812782937879,0.0229949711062515,0.018407416522388,"GAPDH/TPI1/PKM/STAT3/ARNT/PFKP/LDHA",7
"GO:0046434","GO:0046434","organophosphate catabolic process","10/253","224/17653",0.00150638177482598,0.0231808501217023,0.0185562122066428,"GAPDH/PDE7B/INPP5F/TPI1/PKM/STAT3/ARNT/PFKP/LDHA/NUDT5",10
"GO:0007599","GO:0007599","hemostasis","13/253","346/17653",0.00152069408581723,0.0233047933151579,0.0186554284212016,"ENTPD1/RAB27A/DGKH/UBASH3B/PTPN11/PRKCH/PLSCR1/PRKAR1A/ANXA5/IRF2/FIBP/GATA3/CAPZA2",13
"GO:0001822","GO:0001822","kidney development","11/253","264/17653",0.00154422138317454,0.0234468452215155,0.0187691406148827,"MYO1E/ID3/ID2/ARID5B/BCL2L11/AHI1/GCNT1/ARL3/CTNNB1/GATA3/CAT",11
"GO:0050710","GO:0050710","negative regulation of cytokine secretion","5/253","59/17653",0.00154885175201203,0.0234468452215155,0.0187691406148827,"TNFRSF9/SRGN/MIR155/PTPN22/GBP1",5
"GO:0060135","GO:0060135","maternal process involved in female pregnancy","5/253","59/17653",0.00154885175201203,0.0234468452215155,0.0187691406148827,"HAVCR2/PTGIS/PRDM1/PAM/CTSB",5
"GO:0050817","GO:0050817","coagulation","13/253","347/17653",0.00156016587753785,0.0235105873356543,0.0188201660168955,"ENTPD1/RAB27A/DGKH/UBASH3B/PTPN11/PRKCH/PLSCR1/PRKAR1A/ANXA5/IRF2/FIBP/GATA3/CAPZA2",13
"GO:0045639","GO:0045639","positive regulation of myeloid cell differentiation","6/253","87/17653",0.00156568895253552,0.0235105873356543,0.0188201660168955,"CSF1/IFNG/ID2/ZFP36L1/STAT3/ARNT",6
"GO:0034143","GO:0034143","regulation of toll-like receptor 4 signaling pathway","3/253","17/17653",0.00170480066928897,0.0254966975599683,0.0204100422550258,"PTPN22/TNFAIP3/PELI1",3
"GO:0051348","GO:0051348","negative regulation of transferase activity","12/253","309/17653",0.00173817101708588,0.0258917954705112,0.0207263171384724,"DUSP4/RGS2/WARS/PTPN22/TNFAIP3/CBLB/UBASH3B/PARK7/LIMK1/CASP3/PRKAR1A/MAD2L2",12
"GO:0097305","GO:0097305","response to alcohol","9/253","191/17653",0.00177853713507274,0.0263875390080116,0.0211231585931055,"CCL3/CD27/VCAM1/TNFSF4/CTNNA1/STAT3/CTNNB1/GATA3/CAT",9
"GO:0032102","GO:0032102","negative regulation of response to external stimulus","12/253","310/17653",0.00178569276871527,0.026388570915459,0.0211239846324212,"HAVCR2/CXCL13/MIR155/PTGIS/PRDM1/ACP5/TNFRSF1B/TNFAIP3/SEMA4A/INPP5F/UBASH3B/GATA3",12
"GO:0009135","GO:0009135","purine nucleoside diphosphate metabolic process","7/253","121/17653",0.00180553597567043,0.0264717164306955,0.0211905424081999,"GAPDH/TPI1/PKM/STAT3/ARNT/PFKP/LDHA",7
"GO:0009179","GO:0009179","purine ribonucleoside diphosphate metabolic process","7/253","121/17653",0.00180553597567043,0.0264717164306955,0.0211905424081999,"GAPDH/TPI1/PKM/STAT3/ARNT/PFKP/LDHA",7
"GO:0044728","GO:0044728","DNA methylation or demethylation","6/253","90/17653",0.00186304442250941,0.0271896094132358,0.0217652139347288,"APOBEC3G/APOBEC3C/APOBEC3F/APOBEC3D/GATA3/TET2",6
"GO:0032715","GO:0032715","negative regulation of interleukin-6 production","4/253","37/17653",0.0018764043016116,0.0271896094132358,0.0217652139347288,"HAVCR2/MIR155/PTPN22/TNFAIP3",4
"GO:0045124","GO:0045124","regulation of bone resorption","4/253","37/17653",0.0018764043016116,0.0271896094132358,0.0217652139347288,"CD38/TNFAIP3/UBASH3B/TFRC",4
"GO:0030316","GO:0030316","osteoclast differentiation","6/253","91/17653",0.00197108950833833,0.028345145680621,0.0226902178098023,"CCL3/CSF1/IFNG/UBASH3B/TFRC/CTNNB1",6
"GO:0032479","GO:0032479","regulation of type I interferon production","7/253","123/17653",0.00198275553788549,0.028345145680621,0.0226902178098023,"HAVCR2/PTPN22/TNFAIP3/IFI16/UBE2L6/TBK1/CTNNB1",7
"GO:0046939","GO:0046939","nucleotide phosphorylation","7/253","123/17653",0.00198275553788549,0.028345145680621,0.0226902178098023,"GAPDH/TPI1/PKM/STAT3/ARNT/PFKP/LDHA",7
"GO:0051235","GO:0051235","maintenance of location","12/253","314/17653",0.0019865958707417,0.028345145680621,0.0226902178098023,"CCL3/SRGN/FKBP1A/FASLG/UBASH3B/ABCG1/PARK7/STARD4/CALM3/GSTO1/OS9/SRI",12
"GO:0051100","GO:0051100","negative regulation of binding","8/253","158/17653",0.0020257540399123,0.0287935421550893,0.0230491580595887,"ID3/ID2/HMOX1/IFI16/CAMK1/PARK7/MAD2L2/SRI",8
"GO:0060612","GO:0060612","adipose tissue development","4/253","38/17653",0.00207383854511897,0.0290677655800348,0.0232686732213971,"CSF1/ID2/ARID5B/TBL1XR1",4
"GO:0070296","GO:0070296","sarcoplasmic reticulum calcium ion transport","4/253","38/17653",0.00207383854511897,0.0290677655800348,0.0232686732213971,"CCL3/CALM3/GSTO1/SRI",4
"GO:1902042","GO:1902042","negative regulation of extrinsic apoptotic signaling pathway via death domain receptors","4/253","38/17653",0.00207383854511897,0.0290677655800348,0.0232686732213971,"TNFAIP3/FASLG/HMOX1/PARK7",4
"GO:0032606","GO:0032606","type I interferon production","7/253","124/17653",0.00207626897000248,0.0290677655800348,0.0232686732213971,"HAVCR2/PTPN22/TNFAIP3/IFI16/UBE2L6/TBK1/CTNNB1",7
"GO:0032355","GO:0032355","response to estradiol","7/253","125/17653",0.00217315823547272,0.0303102669247206,0.0242632924220727,"CD38/PAM/CASP3/STAT3/CTNNB1/ARPC1B/CAT",7
"GO:0002429","GO:0002429","immune response-activating cell surface receptor signaling pathway","15/253","450/17653",0.00220402731087452,0.030535514364689,0.0244436024311152,"CTLA4/HLA-DRA/CD38/PTPN22/LAT2/PRKCH/LIMK1/PLSCR1/PSME2/GBP1/GATA3/RNF31/PSMA5/ARPC1B/ICAM3",15
"GO:0002697","GO:0002697","regulation of immune effector process","14/253","405/17653",0.00220570713321733,0.030535514364689,0.0244436024311152,"HAVCR2/IFNG/MIR155/APOBEC3G/LAG3/TNFSF4/TNFAIP3/APOBEC3F/HMOX1/CD84/BST2/TFRC/GATA3/DDX60",14
"GO:1901658","GO:1901658","glycosyl compound catabolic process","4/253","39/17653",0.00228516563933974,0.0315183586700044,0.0252303668249908,"APOBEC3G/APOBEC3C/TYMP/APOBEC3F",4
"GO:0002831","GO:0002831","regulation of response to biotic stimulus","7/253","127/17653",0.00237738884464674,0.032209297807575,0.0257834618664289,"HAVCR2/APOBEC3G/PRDM1/TNFAIP3/APOBEC3F/TBK1/DDX60",7
"GO:0002544","GO:0002544","chronic inflammatory response","3/253","19/17653",0.00237850614851856,0.032209297807575,0.0257834618664289,"CXCL13/VCAM1/TNFAIP3",3
"GO:0010523","GO:0010523","negative regulation of calcium ion transport into cytosol","3/253","19/17653",0.00237850614851856,0.032209297807575,0.0257834618664289,"CALM3/GSTO1/SRI",3
"GO:0034104","GO:0034104","negative regulation of tissue remodeling","3/253","19/17653",0.00237850614851856,0.032209297807575,0.0257834618664289,"CD38/TNFAIP3/UBASH3B",3
"GO:1990182","GO:1990182","exosomal secretion","3/253","19/17653",0.00237850614851856,0.032209297807575,0.0257834618664289,"IFNG/RAB27A/STAM",3
"GO:0072001","GO:0072001","renal system development","11/253","280/17653",0.00244708554908902,0.032920477047079,0.0263527590585471,"MYO1E/ID3/ID2/ARID5B/BCL2L11/AHI1/GCNT1/ARL3/CTNNB1/GATA3/CAT",11
"GO:0002791","GO:0002791","regulation of peptide secretion","15/253","455/17653",0.00244870358271775,0.032920477047079,0.0263527590585471,"HAVCR2/TNFRSF9/CCL3/SRGN/IFNG/CD38/MIR155/GAPDH/PTPN22/TNFSF4/PAM/PTPN11/GBP1/GATA3/SRI",15
"GO:0045580","GO:0045580","regulation of T cell differentiation","7/253","128/17653",0.00248489422879037,0.0331675487742485,0.0265505393545909,"CTLA4/CD27/IFNG/MIR155/PRDM1/TNFSF4/GATA3",7
"GO:0097553","GO:0097553","calcium ion transmembrane import into cytosol","7/253","128/17653",0.00248489422879037,0.0331675487742485,0.0265505393545909,"CCL3/FKBP1A/FASLG/UBASH3B/CALM3/GSTO1/SRI",7
"GO:0002718","GO:0002718","regulation of cytokine production involved in immune response","5/253","66/17653",0.0025498315204085,0.0337920732455561,0.0270504696227641,"MIR155/TNFSF4/HMOX1/BST2/GATA3",5
"GO:0045670","GO:0045670","regulation of osteoclast differentiation","5/253","66/17653",0.0025498315204085,0.0337920732455561,0.0270504696227641,"CCL3/CSF1/IFNG/UBASH3B/CTNNB1",5
"GO:0042102","GO:0042102","positive regulation of T cell proliferation","6/253","96/17653",0.00258399134441335,0.0340170447974022,0.0272305587840587,"HAVCR2/MIR155/VCAM1/CLECL1/TNFSF4/TFRC",6
"GO:0050851","GO:0050851","antigen receptor-mediated signaling pathway","11/253","282/17653",0.00258507617552761,0.0340170447974022,0.0272305587840587,"CTLA4/HLA-DRA/CD38/PTPN22/LAT2/PRKCH/PSME2/GBP1/GATA3/RNF31/PSMA5",11
"GO:0002758","GO:0002758","innate immune response-activating signal transduction","11/253","283/17653",0.00265639472432074,0.0348324434977832,0.0278832833924253,"HAVCR2/PTPN22/TNFAIP3/PELI1/MAPKAPK3/PSME2/TBK1/DDX60/PSMA5/ICAM3/CTSB",11
"GO:0052548","GO:0052548","regulation of endopeptidase activity","14/253","414/17653",0.00269257970862123,0.0351076100078363,0.0281035534914898,"CD27/GAPDH/TNFRSF1B/FASLG/BCL2L11/IFI16/IFI27L2/IFI6/BST2/PARK7/CASP3/STAT3/PRDX5/PSME2",14
"GO:0046677","GO:0046677","response to antibiotic","12/253","326/17653",0.00270327840157555,0.0351076100078363,0.0281035534914898,"CD27/ID3/MIR155/VCAM1/TNFAIP3/HMOX1/PARK7/CASP3/STAT3/GATA3/LDHA/CAT",12
"GO:0007229","GO:0007229","integrin-mediated signaling pathway","6/253","97/17653",0.00272201433729561,0.0351076100078363,0.0281035534914898,"ITGAE/FUT8/NEDD9/CD63/PTPN11/CTNNA1",6
"GO:0032611","GO:0032611","interleukin-1 beta production","5/253","67/17653",0.00272382061515852,0.0351076100078363,0.0281035534914898,"CCL3/MIR155/ACP5/TNFAIP3/IFI16",5
"GO:0009166","GO:0009166","nucleotide catabolic process","8/253","166/17653",0.00275281400238484,0.0351076100078363,0.0281035534914898,"GAPDH/PDE7B/TPI1/PKM/STAT3/ARNT/PFKP/LDHA",8
"GO:0032691","GO:0032691","negative regulation of interleukin-1 beta production","3/253","20/17653",0.00276884176772441,0.0351076100078363,0.0281035534914898,"MIR155/ACP5/TNFAIP3",3
"GO:0042454","GO:0042454","ribonucleoside catabolic process","3/253","20/17653",0.00276884176772441,0.0351076100078363,0.0281035534914898,"APOBEC3G/APOBEC3C/APOBEC3F",3
"GO:0050849","GO:0050849","negative regulation of calcium-mediated signaling","3/253","20/17653",0.00276884176772441,0.0351076100078363,0.0281035534914898,"CALM3/GSTO1/SRI",3
"GO:0097734","GO:0097734","extracellular exosome biogenesis","3/253","20/17653",0.00276884176772441,0.0351076100078363,0.0281035534914898,"IFNG/RAB27A/STAM",3
"GO:0016311","GO:0016311","dephosphorylation","15/253","461/17653",0.00277165342167129,0.0351076100078363,0.0281035534914898,"DUSP4/IFNG/ACP5/PTPN22/FKBP1A/INPP5F/PLPP1/PTPN7/UBASH3B/PTPN11/SSH1/CD2BP2/PPM1G/CALM3/PPM1M",15
"GO:0043473","GO:0043473","pigmentation","6/253","98/17653",0.00286549116079489,0.036173183331526,0.0289565422564536,"MYO7A/LYST/BCL2L11/RAB27A/CD63/BLOC1S2",6
"GO:0002703","GO:0002703","regulation of leukocyte mediated immunity","8/253","168/17653",0.00296301171097367,0.0372778905799525,0.0298408576297206,"HAVCR2/LAG3/TNFSF4/HMOX1/CD84/BST2/TFRC/GATA3",8
"GO:0035315","GO:0035315","hair cell differentiation","4/253","42/17653",0.00300729225258511,0.0375458229747023,0.0300553368376835,"MYO7A/WHRN/RBPJ/CTNNB1",4
"GO:0042461","GO:0042461","photoreceptor cell development","4/253","42/17653",0.00300729225258511,0.0375458229747023,0.0300553368376835,"MYO7A/PRDM1/AHI1/ARL3",4
"GO:0035335","GO:0035335","peptidyl-tyrosine dephosphorylation","6/253","99/17653",0.00301455452992373,0.0375458229747023,0.0300553368376835,"DUSP4/PTPN22/PTPN7/UBASH3B/PTPN11/SSH1",6
"GO:0048771","GO:0048771","tissue remodeling","8/253","169/17653",0.00307269551425542,0.0381423936502906,0.0305328901627065,"CD38/MIR155/ACP5/TNFAIP3/RBPJ/UBASH3B/TFRC/CTNNB1",8
"GO:0009713","GO:0009713","catechol-containing compound biosynthetic process","3/253","21/17653",0.00319639894074315,0.039415197534197,0.0315517664697964,"NR4A2/PARK7/GATA3",3
"GO:0042423","GO:0042423","catecholamine biosynthetic process","3/253","21/17653",0.00319639894074315,0.039415197534197,0.0315517664697964,"NR4A2/PARK7/GATA3",3
"GO:2000116","GO:2000116","regulation of cysteine-type endopeptidase activity","10/253","249/17653",0.00325240627609708,0.0399734685550677,0.0319986610175679,"CD27/TNFRSF1B/FASLG/BCL2L11/IFI16/IFI27L2/IFI6/PARK7/CASP3/PRDX5",10
"GO:0038034","GO:0038034","signal transduction in absence of ligand","5/253","70/17653",0.00329733538183461,0.0402599244654167,0.0322279682531687,"BCL2L11/IFI6/CTNNA1/CASP3/MCL1",5
"GO:0097192","GO:0097192","extrinsic apoptotic signaling pathway in absence of ligand","5/253","70/17653",0.00329733538183461,0.0402599244654167,0.0322279682531687,"BCL2L11/IFI6/CTNNA1/CASP3/MCL1",5
"GO:0002224","GO:0002224","toll-like receptor signaling pathway","7/253","135/17653",0.00334586826075334,0.0405863628763695,0.0324892813799193,"HAVCR2/PTPN22/TNFAIP3/PELI1/MAPKAPK3/TBK1/CTSB",7
"GO:0006090","GO:0006090","pyruvate metabolic process","7/253","135/17653",0.00334586826075334,0.0405863628763695,0.0324892813799193,"GAPDH/TPI1/PKM/STAT3/ARNT/PFKP/LDHA",7
"GO:0001894","GO:0001894","tissue homeostasis","9/253","211/17653",0.00347314306690448,0.0418575559260592,0.0335068682182711,"CSF1/CD38/WHRN/ACP5/TNFAIP3/UBASH3B/PTPN11/TFRC/CTNNB1",9
"GO:0033002","GO:0033002","muscle cell proliferation","9/253","211/17653",0.00347314306690448,0.0418575559260592,0.0335068682182711,"IFNG/ID2/TNFAIP3/MIR4632/RBPJ/HMOX1/STAT3/PRKAR1A/CTNNB1",9
"GO:0030279","GO:0030279","negative regulation of ossification","5/253","71/17653",0.00350645783193638,0.0419872957110324,0.0336107245897574,"CCL3/SRGN/ID3/ID2/RBPJ",5
"GO:0031341","GO:0031341","regulation of cell killing","5/253","71/17653",0.00350645783193638,0.0419872957110324,0.0336107245897574,"HAVCR2/IFNG/GAPDH/LAG3/BCL2L11",5
"GO:0032753","GO:0032753","positive regulation of interleukin-4 production","3/253","22/17653",0.0036622617691223,0.0435181747510357,0.0348361894100665,"HAVCR2/TNFSF4/GATA3",3
"GO:0140112","GO:0140112","extracellular vesicle biogenesis","3/253","22/17653",0.0036622617691223,0.0435181747510357,0.0348361894100665,"IFNG/RAB27A/STAM",3
"GO:0002478","GO:0002478","antigen processing and presentation of exogenous peptide antigen","8/253","174/17653",0.00366936274753631,0.0435181747510357,0.0348361894100665,"HLA-DRA/HLA-DMA/LAG3/CTSD/NCF4/PSME2/PSMA5/CAPZA2",8
"GO:2001234","GO:2001234","negative regulation of apoptotic signaling pathway","9/253","213/17653",0.00369549236853166,0.0436889320013077,0.0349728801593372,"NR4A2/TNFAIP3/FASLG/HMOX1/IFI6/PARK7/CTNNA1/CTNNB1/MCL1",9
"GO:0042542","GO:0042542","response to hydrogen peroxide","7/253","138/17653",0.00377766157448728,0.0445190243778184,0.0356373670184809,"MIR155/TNFAIP3/HMOX1/PARK7/CASP3/LDHA/CAT",7
"GO:0002699","GO:0002699","positive regulation of immune effector process","8/253","175/17653",0.00379877202135602,0.0446265836199679,0.0357234679212361,"IFNG/LAG3/TNFSF4/HMOX1/CD84/TFRC/GATA3/DDX60",8
"GO:0002704","GO:0002704","negative regulation of leukocyte mediated immunity","4/253","45/17653",0.00387145964954858,0.044913756183548,0.0359533488359455,"HAVCR2/HMOX1/CD84/BST2",4
"GO:0042743","GO:0042743","hydrogen peroxide metabolic process","4/253","45/17653",0.00387145964954858,0.044913756183548,0.0359533488359455,"PARK7/STAT3/PRDX5/CAT",4
"GO:0045646","GO:0045646","regulation of erythrocyte differentiation","4/253","45/17653",0.00387145964954858,0.044913756183548,0.0359533488359455,"ID2/ZFP36L1/STAT3/ARNT",4
"GO:0046850","GO:0046850","regulation of bone remodeling","4/253","45/17653",0.00387145964954858,0.044913756183548,0.0359533488359455,"CD38/TNFAIP3/UBASH3B/TFRC",4
"GO:0051188","GO:0051188","cofactor biosynthetic process","11/253","298/17653",0.00393067873842458,0.0454591541052581,0.0363899385002236,"PTGIS/GAPDH/TPI1/MTHFD1/COQ10B/PKM/STAT3/ACSL4/ARNT/PFKP/LDHA",11
"GO:0043281","GO:0043281","regulation of cysteine-type endopeptidase activity involved in apoptotic process","9/253","216/17653",0.00404979850528989,0.0466917945315775,0.0373766640605539,"CD27/TNFRSF1B/FASLG/BCL2L11/IFI27L2/IFI6/PARK7/CASP3/PRDX5",9
"GO:0045940","GO:0045940","positive regulation of steroid metabolic process","3/253","23/17653",0.00416744457225678,0.0470346153631049,0.0376510912737614,"IFNG/ABCG1/STARD4",3
"GO:0051043","GO:0051043","regulation of membrane protein ectodomain proteolysis","3/253","23/17653",0.00416744457225678,0.0470346153631049,0.0376510912737614,"IFNG/TNFRSF1B/SNX9",3
"GO:1903203","GO:1903203","regulation of oxidative stress-induced neuron death","3/253","23/17653",0.00416744457225678,0.0470346153631049,0.0376510912737614,"PARK7/CTNNB1/MCL1",3
"GO:0043627","GO:0043627","response to estrogen","5/253","74/17653",0.00419089725109825,0.0470346153631049,0.0376510912737614,"HMOX1/CTNNA1/GATA3/LDHA/ARPC1B",5
"GO:0002768","GO:0002768","immune response-regulating cell surface receptor signaling pathway","15/253","482/17653",0.00419141639177199,0.0470346153631049,0.0376510912737614,"CTLA4/HLA-DRA/CD38/PTPN22/LAT2/PRKCH/LIMK1/PLSCR1/PSME2/GBP1/GATA3/RNF31/PSMA5/ARPC1B/ICAM3",15
"GO:0006914","GO:0006914","autophagy","15/253","482/17653",0.00419141639177199,0.0470346153631049,0.0376510912737614,"IFNG/GAPDH/PTPN22/CTSD/HMOX1/IFI16/GABARAPL1/PARK7/CASP3/STAM/VMP1/TBK1/MCL1/CALCOCO2/CSNK2B",15
"GO:0061919","GO:0061919","process utilizing autophagic mechanism","15/253","482/17653",0.00419141639177199,0.0470346153631049,0.0376510912737614,"IFNG/GAPDH/PTPN22/CTSD/HMOX1/IFI16/GABARAPL1/PARK7/CASP3/STAM/VMP1/TBK1/MCL1/CALCOCO2/CSNK2B",15
"GO:0031343","GO:0031343","positive regulation of cell killing","4/253","46/17653",0.00419320416233911,0.0470346153631049,0.0376510912737614,"IFNG/GAPDH/LAG3/BCL2L11",4
"GO:0045620","GO:0045620","negative regulation of lymphocyte differentiation","4/253","46/17653",0.00419320416233911,0.0470346153631049,0.0376510912737614,"CTLA4/MIR155/ID2/TNFSF4",4
"GO:0001906","GO:0001906","cell killing","7/253","141/17653",0.00425054933117073,0.047534671799639,0.0380513851932211,"HAVCR2/LYST/IFNG/GAPDH/LAG3/BCL2L11/RAB27A",7
"GO:0006754","GO:0006754","ATP biosynthetic process","7/253","142/17653",0.00441772604687669,0.0491821817219022,0.0393702127413723,"GAPDH/TPI1/PKM/STAT3/ARNT/PFKP/LDHA",7
"GO:0030218","GO:0030218","erythrocyte differentiation","6/253","107/17653",0.00442428326445683,0.0491821817219022,0.0393702127413723,"ID2/ZFP36L1/CASP3/STAT3/ARNT/GATA3",6
"GO:0006470","GO:0006470","protein dephosphorylation","11/253","303/17653",0.00445011714522848,0.049322131692949,0.0394822423411249,"DUSP4/PTPN22/FKBP1A/PLPP1/PTPN7/UBASH3B/PTPN11/SSH1/PPM1G/CALM3/PPM1M",11
"GO:0032720","GO:0032720","negative regulation of tumor necrosis factor production","4/253","47/17653",0.00453252837091739,0.0496445166273423,0.0397403106700869,"HAVCR2/ACP5/PTPN22/TNFAIP3",4
"GO:0035722","GO:0035722","interleukin-12-mediated signaling pathway","4/253","47/17653",0.00453252837091739,0.0496445166273423,0.0397403106700869,"IFNG/PSME2/GSTO1/AIP",4
"GO:0050732","GO:0050732","negative regulation of peptidyl-tyrosine phosphorylation","4/253","47/17653",0.00453252837091739,0.0496445166273423,0.0397403106700869,"SAMSN1/CBLB/INPP5F/PARP14",4
"GO:0071349","GO:0071349","cellular response to interleukin-12","4/253","47/17653",0.00453252837091739,0.0496445166273423,0.0397403106700869,"IFNG/PSME2/GSTO1/AIP",4
